alpha,x,density_quad,density_linear
1.0,0.0,2.2377495523793872e-05,2.3855174317070223e-05
1.0,0.005025125628140704,6.593772550997171e-05,6.875062246628823e-05
1.0,0.010050251256281407,0.0001771317915452849,0.0001818719616948854
1.0,0.01507537688442211,0.0004353042458220411,0.0004427147108549474
1.0,0.020100502512562814,0.0009824442020537458,0.000994165860243216
1.0,0.02512562814070352,0.0020451575637077525,0.0020653083006612655
1.0,0.03015075376884422,0.003945860449671301,0.003981864873909456
1.0,0.035175879396984924,0.007093354471784001,0.007150987470420229
1.0,0.04020100502512563,0.011949472466123937,0.012013676155226582
1.0,0.04522613065326633,0.01897934792609095,0.018973023597890947
1.0,0.05025125628140704,0.028601129917493893,0.028322772880814223
1.0,0.05527638190954774,0.041149619214651476,0.040206927107145636
1.0,0.06030150753768844,0.05685704929413291,0.05462930422931052
1.0,0.06532663316582915,0.07584183132156014,0.07150532140488984
1.0,0.07035175879396985,0.09809418607058064,0.09072308905424403
1.0,0.07537688442211056,0.12346001610844058,0.11217694545045624
1.0,0.08040201005025126,0.15164117826816634,0.13576057650564344
1.0,0.08542713567839195,0.18223373111756236,0.16134139126826363
1.0,0.09045226130653267,0.21480577466849274,0.18875223737468008
1.0,0.09547738693467336,0.2489837571668876,0.21781640573554156
1.0,0.10050251256281408,0.2844973516147049,0.24838593382347268
1.0,0.10552763819095477,0.32114922514158195,0.2803548640542073
1.0,0.11055276381909548,0.35872250567540215,0.3136229962683851
1.0,0.11557788944723618,0.3968864347415032,0.3480194588896363
1.0,0.12060301507537688,0.4351760974318235,0.3832288546471422
1.0,0.12562814070351758,0.47308786327260294,0.4187792971522962
1.0,0.1306532663316583,0.5102591851907093,0.4541331213790681
1.0,0.135678391959799,0.5466314131237321,0.488857707617216
1.0,0.1407035175879397,0.5824820986664757,0.5227780033186012
1.0,0.1457286432160804,0.6182833664183399,0.5559976264422626
1.0,0.15075376884422112,0.6544531436490448,0.5887633445161151
1.0,0.15577889447236182,0.6911312343655323,0.6212759249400894
1.0,0.16080402010050251,0.7280835997610959,0.6535956165265908
1.0,0.1658291457286432,0.7647531286081543,0.6857010885162292
1.0,0.1708542713567839,0.8004117452708903,0.7176193542749094
1.0,0.17587939698492464,0.8343589027876817,0.749482403598615
1.0,0.18090452261306533,0.8661228099466086,0.7814352911665184
1.0,0.18592964824120603,0.8956188061703708,0.8134584070584924
1.0,0.19095477386934673,0.9232142181028681,0.8452626694473381
1.0,0.19597989949748745,0.9496660564166864,0.8763882152226329
1.0,0.20100502512562815,0.9759332320630064,0.906482870427895
1.0,0.20603015075376885,1.0028988046139773,0.9355589552109373
1.0,0.21105527638190955,1.0310707344054681,0.9639906144435408
1.0,0.21608040201005024,1.0603676064311827,0.9922033494435181
1.0,0.22110552763819097,1.0901072306131074,1.0202920013429535
1.0,0.22613065326633167,1.1192514132512195,1.0479071394105655
1.0,0.23115577889447236,1.1468275964089274,1.0745315099939614
1.0,0.23618090452261306,1.1723324080954078,1.0999127013199308
1.0,0.24120603015075376,1.195909947843576,1.1242733841932329
1.0,0.24623115577889448,1.2182041208302112,1.1481294384930738
1.0,0.25125628140703515,1.2399569983859118,1.1718939313344452
1.0,0.2562814070351759,1.2615782991822022,1.1955969608077859
1.0,0.2613065326633166,1.2829480631102579,1.2189031685902203
1.0,0.2663316582914573,1.3035783277763426,1.2413521591160586
1.0,0.271356783919598,1.3230133525258279,1.2626209081536344
1.0,0.2763819095477387,1.341173532347358,1.2826611574686357
1.0,0.2814070351758794,1.35839767883203,1.301686616086674
1.0,0.2864321608040201,1.3751764291479311,1.3200705439018756
1.0,0.2914572864321608,1.3917967655177563,1.3382366339508
1.0,0.2964824120603015,1.408158823505381,1.3565909168463421
1.0,0.30150753768844224,1.4238762515934913,1.3754757166381175
1.0,0.3065326633165829,1.438565876540683,1.3950914981263314
1.0,0.31155778894472363,1.4521175458398698,1.4153750886112477
1.0,0.3165829145728643,1.4647731866677942,1.435900204582235
1.0,0.32160804020100503,1.4769926212390918,1.455892009211281
1.0,0.32663316582914576,1.4892261649733396,1.4744026770970986
1.0,0.3316582914572864,1.501743774636141,1.490626308762739
1.0,0.33668341708542715,1.5145851853651378,1.504259724556265
1.0,0.3417085427135678,1.527597472184033,1.5157402458958347
1.0,0.34673366834170855,1.5405052577005378,1.5261768006113938
1.0,0.35175879396984927,1.5529958627839804,1.5369261362713975
1.0,0.35678391959798994,1.5648183820548478,1.5490065189915312
1.0,0.36180904522613067,1.5758662289076273,1.562685241295508
1.0,0.36683417085427134,1.5861883199931122,1.57746847686017
1.0,0.37185929648241206,1.5959045241532896,1.5924393856418466
1.0,0.3768844221105528,1.6050700987070536,1.6066778404484539
1.0,0.38190954773869346,1.6135795178844725,1.619522313491884
1.0,0.3869346733668342,1.621178873981591,1.6306333976640028
1.0,0.3919597989949749,1.6275819548710462,1.6399708601820921
1.0,0.3969849246231156,1.6326165761200506,1.6477735332214214
1.0,0.4020100502512563,1.636317500952249,1.6545169383309624
1.0,0.40703517587939697,1.6389297793395692,1.6607830760139017
1.0,0.4120603015075377,1.640839229615952,1.6670566194338874
1.0,0.4170854271356784,1.6424595949238494,1.6735595636130074
1.0,0.4221105527638191,1.644092937162239,1.6802378865136336
1.0,0.4271356783919598,1.6457906429043874,1.686906977827587
1.0,0.4321608040201005,1.647284122444674,1.6934374963409398
1.0,0.4371859296482412,1.64806638247152,1.6998338569767326
1.0,0.44221105527638194,1.6476331890149716,1.7061579384795715
1.0,0.4472361809045226,1.645771470939401,1.7123867519299114
1.0,0.45226130653266333,1.6427237835433892,1.7183316343163453
1.0,0.457286432160804,1.639131194010817,1.7236652583306227
1.0,0.4623115577889447,1.6358036647439216,1.7280069516580359
1.0,0.46733668341708545,1.633452055848634,1.7310050258369558
1.0,0.4723618090452261,1.6324802017883178,1.7324115347024334
1.0,0.47738693467336685,1.632860966460866,1.7321790872851581
1.0,0.4824120603015075,1.6341116129480877,1.7305681063109188
1.0,0.48743718592964824,1.635419589290344,1.7281825074149804
1.0,0.49246231155778897,1.6359357429106305,1.7258481284356022
1.0,0.49748743718592964,1.6351224014506567,1.7243452938868866
1.0,0.5025125628140703,1.6329504653646048,1.7241242178157818
1.0,0.507537688442211,1.6298148423227357,1.7251533364684752
1.0,0.5125628140703518,1.6262358673396995,1.7269537313856673
1.0,0.5175879396984925,1.6225531819950947,1.7287570236390244
1.0,0.5226130653266332,1.6187832914372364,1.7296974043884712
1.0,0.5276381909547738,1.6146678504940513,1.7290046909975456
1.0,0.5326633165829145,1.6098321949451617,1.7262036976186774
1.0,0.5376884422110553,1.603964785143922,1.7212859691398332
1.0,0.542713567839196,1.5969628055087162,1.7147591747526296
1.0,0.5477386934673367,1.5890002058617785,1.7074931590077318
1.0,0.5527638190954774,1.5804749418252844,1.7003883818583838
1.0,0.5577889447236181,1.571838849842807,1.6940150050785494
1.0,0.5628140703517588,1.563401162934045,1.6884111247900704
1.0,0.5678391959798995,1.5552344475518316,1.6831448460035077
1.0,0.5728643216080402,1.547233128943435,1.6775830762479187
1.0,0.577889447236181,1.5392435406945189,1.6711832615703979
1.0,0.5829145728643216,1.5311394082357856,1.6636354674538854
1.0,0.5879396984924623,1.5228040709901882,1.6548267816534818
1.0,0.592964824120603,1.5140932243887284,1.6447485597875253
1.0,0.5979899497487438,1.5048627247018274,1.6334776916815135
1.0,0.6030150753768845,1.4950595378016232,1.621231794375294
1.0,0.6080402010050251,1.4848000916983426,1.6083784244157295
1.0,0.6130653266331658,1.4743699674021746,1.5953177264634408
1.0,0.6180904522613065,1.4641391152717953,1.5823184368155894
1.0,0.6231155778894473,1.4544299732341606,1.5694738341142835
1.0,0.628140703517588,1.4453819042039404,1.5568347698693679
1.0,0.6331658291457286,1.4368509129443696,1.5445791386570493
1.0,0.6381909547738693,1.4283885746446605,1.5330124050437222
1.0,0.6432160804020101,1.4193417880426304,1.5223440415890162
1.0,0.6482412060301508,1.409074450418948,1.5124031089235384
1.0,0.6532663316582915,1.3972354844276744,1.5025319518198885
1.0,0.6582914572864321,1.3839389189945956,1.4917705808769461
1.0,0.6633165829145728,1.3697447233325493,1.4792409353412936
1.0,0.6683417085427136,1.3554360619056531,1.4645224413586304
1.0,0.6733668341708543,1.3417034183634569,1.4478356828191918
1.0,0.678391959798995,1.3288848933450297,1.429962236883444
1.0,0.6834170854271356,1.3168642095468932,1.411940510691819
1.0,0.6884422110552764,1.30514909780988,1.394654157101286
1.0,0.6934673366834171,1.2930890952112613,1.3784798843496018
1.0,0.6984924623115578,1.2801449187578207,1.3631685977048904
1.0,0.7035175879396985,1.2660909083733298,1.348040425063812
1.0,0.7085427135678392,1.251049758057215,1.3323831295628676
1.0,0.7135678391959799,1.2353468105364307,1.3157932242159789
1.0,0.7185929648241206,1.2192822264743457,1.298245218988639
1.0,0.7236180904522613,1.2029637591916182,1.2798915683573457
1.0,0.7286432160804021,1.1862833969724647,1.2607845559328419
1.0,0.7336683417085427,1.16901506420339,1.2407222829126092
1.0,0.7386934673366834,1.1509470479704056,1.219297330159756
1.0,0.7437185929648241,1.1319758203270842,1.1961000566386832
1.0,0.7487437185929648,1.1121409784344078,1.170960594486739
1.0,0.7537688442211056,1.091619593538822,1.144096595666226
1.0,0.7587939698492463,1.0706993186487095,1.1160727617243926
1.0,0.7638190954773869,1.049728968148096,1.087582047434282
1.0,0.7688442211055276,1.0290358476894816,1.0591720645323268
1.0,0.7738693467336684,1.0088213469989449,1.031068823622473
1.0,0.7788944723618091,0.9890847262655602,1.0031681206690524
1.0,0.7839195979899498,0.969633564816456,0.975153466941839
1.0,0.7889447236180904,0.9501883717473524,0.9466521899381191
1.0,0.7939698492462312,0.9305125930990851,0.91736595118454
1.0,0.7989949748743719,0.9104750979333214,0.8871494345383445
1.0,0.8040201005025126,0.8900149273844533,0.8560267941417342
1.0,0.8090452261306533,0.8690683063862087,0.8241486257505661
1.0,0.8140703517587939,0.8475413593806073,0.7917185419667637
1.0,0.8190954773869347,0.8253474197941467,0.7589328735861742
1.0,0.8241206030150754,0.8024519187402521,0.7259546752057933
1.0,0.8291457286432161,0.7788648896065175,0.6929072534826513
1.0,0.8341708542713568,0.7545877781133116,0.6598681912198981
1.0,0.8391959798994975,0.7295767652661178,0.6268733202422726
1.0,0.8442211055276382,0.7037670545970324,0.5939500433763101
1.0,0.8492462311557789,0.677135164309283,0.5611607863602855
1.0,0.8542713567839196,0.6497362667870662,0.5285981383900574
1.0,0.8592964824120604,0.6216838260921109,0.4963055874187558
1.0,0.864321608040201,0.593102583305824,0.4641892953930678
1.0,0.8693467336683417,0.5641101376876748,0.4320302203507368
1.0,0.8743718592964824,0.5348400784021572,0.39962821381608027
1.0,0.8793969849246231,0.5054630170986864,0.3669776575207454
1.0,0.8844221105527639,0.4761631795666445,0.33433080993507946
1.0,0.8894472361809045,0.4470890642040837,0.3021011740509389
1.0,0.8944723618090452,0.41833754548453295,0.2706944275799954
1.0,0.8994974874371859,0.38998947582401156,0.24039629902654946
1.0,0.9045226130653267,0.3621371049224803,0.2113724201287263
1.0,0.9095477386934674,0.33483620725472163,0.18373512766984523
1.0,0.914572864321608,0.3080057726613282,0.15760000843131758
1.0,0.9195979899497487,0.28138405267973526,0.13309909428151379
1.0,0.9246231155778895,0.25462202336897544,0.11037304876241404
1.0,0.9296482412060302,0.2274746344520582,0.08957261114191646
1.0,0.9346733668341709,0.1999638195509603,0.07086651664366383
1.0,0.9396984924623115,0.17241760330885506,0.05443048397194264
1.0,0.9447236180904522,0.14539028264035744,0.04040728732522971
1.0,0.949748743718593,0.11953647640010091,0.02885699067691935
1.0,0.9547738693467337,0.09550338333283517,0.01972382923099312
1.0,0.9597989949748744,0.07385911014935677,0.012830636783936207
1.0,0.964824120603015,0.05504399352687053,0.007896414677541172
1.0,0.9698492462311558,0.03933125545040212,0.004569658605997129
1.0,0.9748743718592965,0.026796424437693547,0.002471720183530721
1.0,0.9798994974874372,0.017304989553003903,0.0012424507534824969
1.0,0.9849246231155779,0.01052950006892935,0.000577258047712022
1.0,0.9899497487437187,0.006000753377654897,0.0002466419552736721
1.0,0.9949748743718593,0.003184904209691025,9.645143036275036e-05
1.0,1.0,0.001565943446204068,3.436946199645774e-05
1.5,0.0,7.399508979916795e-05,1.4027082670191178e-05
1.5,0.005025125628140704,0.00019101723779574835,3.907719840309452e-05
1.5,0.010050251256281407,0.00045510317676002236,0.0001012856187695161
1.5,0.01507537688442211,0.0010043001437745535,0.0002455443390038323
1.5,0.020100502512562814,0.002060688115316968,0.0005582093956064991
1.5,0.02512562814070352,0.003947736296010103,0.0011902766162193172
1.5,0.03015075376884422,0.007091779203344186,0.0023781575203241554
1.5,0.035175879396984924,0.012000117043846386,0.00444845046774603
1.5,0.04020100502512563,0.019214652526131405,0.00779389496821958
1.5,0.04522613065326633,0.02924839049471168,0.012820048087833158
1.5,0.05025125628140704,0.04251847270473188,0.019880211236790186
1.5,0.05527638190954774,0.059290517211583134,0.029225265985354545
1.5,0.06030150753768844,0.07964513837756008,0.040987227577456466
1.5,0.06532663316582915,0.10347215164698734,0.055197795096358665
1.5,0.07035175879396985,0.13049431162152775,0.0718278660266962
1.5,0.07537688442211056,0.16031964259139955,0.09082517993039527
1.5,0.08040201005025126,0.19251533579310484,0.11212810112708502
1.5,0.08542713567839195,0.2266849530105261,0.135650867335896
1.5,0.09045226130653267,0.26251981207197633,0.16126191043185054
1.5,0.09547738693467336,0.2997963392463735,0.18878319377346697
1.5,0.10050251256281408,0.3383126096442133,0.2180111509095035
1.5,0.10552763819095477,0.3777951160050062,0.2487311481658453
1.5,0.11055276381909548,0.41783963686161,0.2807087873022888
1.5,0.11557788944723618,0.4579479354609976,0.3136803652321134
1.5,0.12060301507537688,0.4976691389018693,0.3473743629198208
1.5,0.12562814070351758,0.5367731733891038,0.3815548768863166
1.5,0.1306532663316583,0.5753323300684728,0.41604107445286265
1.5,0.135678391959799,0.6136213339365313,0.45068340777370985
1.5,0.1407035175879397,0.6518642010235852,0.48533786188296835
1.5,0.1457286432160804,0.6899809391704951,0.5198849521533874
1.5,0.15075376884422112,0.7275160265409798,0.5542737669537483
1.5,0.15577889447236182,0.7638212826491061,0.5885250354476127
1.5,0.16080402010050251,0.7983872034513938,0.6226703778003231
1.5,0.1658291457286432,0.8311065409923643,0.6566811250687042
1.5,0.1708542713567839,0.8623032463651361,0.6904504306691323
1.5,0.17587939698492464,0.8925294342924857,0.7238307731855397
1.5,0.18090452261306533,0.9222851920412436,0.7566758391948606
1.5,0.18592964824120603,0.9518378643993047,0.7888493772125715
1.5,0.19095477386934673,0.9812132515976858,0.8202226422175866
1.5,0.19597989949748745,1.0103022175653036,0.8507169436704188
1.5,0.20100502512562815,1.0389718781310513,0.8804066776209211
1.5,0.20603015075376885,1.067110545424314,0.9096058761208746
1.5,0.21105527638190955,1.0946132118999023,0.9388195727556345
1.5,0.21608040201005024,1.1213591483652032,0.9685274226158661
1.5,0.22110552763819097,1.147219244550424,0.9989183251219218
1.5,0.22613065326633167,1.1720859253762872,1.0297532173581856
1.5,0.23115577889447236,1.1958906042752355,1.060436695842465
1.5,0.23618090452261306,1.218588358156565,1.0902394535000115
1.5,0.24120603015075376,1.240129989504995,1.1185584391983037
1.5,0.24623115577889448,1.2604629669807494,1.1451138917075918
1.5,0.25125628140703515,1.279575734448045,1.1699949765167579
1.5,0.2562814070351759,1.2975480033491202,1.1935128426252226
1.5,0.2613065326633166,1.3145515344085303,1.2159552663858308
1.5,0.2663316582914573,1.3307894863349987,1.2374563096610207
1.5,0.271356783919598,1.3464253931455827,1.258116114988441
1.5,0.2763819095477387,1.361565312116201,1.2782502321368734
1.5,0.2814070351758794,1.3763011213825396,1.2984829170259002
1.5,0.2864321608040201,1.3907571224668809,1.3195304797836547
1.5,0.2914572864321608,1.405077063917111,1.3418246361255581
1.5,0.2964824120603015,1.419351109695663,1.3652813494018057
1.5,0.30150753768844224,1.433546228724791,1.3893765451227242
1.5,0.3065326633165829,1.4475015039287882,1.4134155712771157
1.5,0.31155778894472363,1.4609872318797006,1.436756626817098
1.5,0.3165829145728643,1.4737750971799977,1.4588606384214067
1.5,0.32160804020100503,1.4856801521786887,1.4792379520124335
1.5,0.32663316582914576,1.4965859631792804,1.4974460111877284
1.5,0.3316582914572864,1.5064795735358023,1.5132158882167566
1.5,0.33668341708542715,1.5154811614770347,1.5266522919717227
1.5,0.3417085427135678,1.5238149872539495,1.5383682374137755
1.5,0.34673366834170855,1.531699211539818,1.5494160553426912
1.5,0.35175879396984927,1.5392141922994764,1.5609648214871035
1.5,0.35678391959798994,1.546253186202541,1.573836435929661
1.5,0.36180904522613067,1.5526088171600656,1.588154213984102
1.5,0.36683417085427134,1.5581445208074236,1.603334274520551
1.5,0.37185929648241206,1.5629364031874202,1.6184351942046626
1.5,0.3768844221105528,1.5672952163166942,1.6326435592751318
1.5,0.38190954773869346,1.571654992779107,1.645608199549969
1.5,0.3869346733668342,1.5763809198751162,1.6574672576310474
1.5,0.3919597989949749,1.581578921575127,1.668608110045042
1.5,0.3969849246231156,1.586993869874132,1.6793369657603843
1.5,0.4020100502512563,1.5920630458960483,1.6896677812964105
1.5,0.40703517587939697,1.596128867766344,1.69935673935822
1.5,0.4120603015075377,1.5987206148873225,1.7081329838367365
1.5,0.4170854271356784,1.5997530000053461,1.7159269451523231
1.5,0.4221105527638191,1.5995254385222204,1.7229165477456756
1.5,0.4271356783919598,1.5985297414335107,1.729383228816934
1.5,0.4321608040201005,1.5971952374672511,1.735513790512792
1.5,0.4371859296482412,1.5957274389344198,1.7412840740064552
1.5,0.44221105527638194,1.5941156834225108,1.746485123854376
1.5,0.4472361809045226,1.592264671391933,1.7508921277045337
1.5,0.45226130653266333,1.5901327002187762,1.7545039567066163
1.5,0.457286432160804,1.5877793217695682,1.757683078154566
1.5,0.4623115577889447,1.5853113459258794,1.761024257638779
1.5,0.46733668341708545,1.5827961365430345,1.7649668825050004
1.5,0.4723618090452261,1.5802220642742968,1.7694058988232817
1.5,0.47738693467336685,1.577527171050367,1.7736157150728051
1.5,0.4824120603015075,1.574650826724318,1.7766081633402018
1.5,0.48743718592964824,1.5715531239819487,1.7777364211443927
1.5,0.49246231155778897,1.5681939580549238,1.777141266111977
1.5,0.49748743718592964,1.5645100886817758,1.7756842629355605
1.5,0.5025125628140703,1.5604242902466599,1.774353493006225
1.5,0.507537688442211,1.555878560589409,1.7735494353316839
1.5,0.5125628140703518,1.5508577226303664,1.7728033173238529
1.5,0.5175879396984925,1.5453885766178113,1.771168147349295
1.5,0.5226130653266332,1.539531735518015,1.7679802407234335
1.5,0.5276381909547738,1.5333816825744429,1.7633830178380236
1.5,0.5326633165829145,1.5270578885116215,1.7582107532430806
1.5,0.5376884422110553,1.520656399513939,1.7533596582219269
1.5,0.542713567839196,1.5141671361280398,1.7491538151836876
1.5,0.5477386934673367,1.5074130499344043,1.7451493983948325
1.5,0.5527638190954774,1.5000750745183997,1.7404475452313095
1.5,0.5577889447236181,1.491817485971205,1.73425487837716
1.5,0.5628140703517588,1.4824614208695002,1.7263409185724683
1.5,0.5678391959798995,1.4721168399825635,1.717152170730702
1.5,0.5728643216080402,1.4611961866022762,1.7075379134074768
1.5,0.577889447236181,1.4502922445713435,1.6982468475516395
1.5,0.5829145728643216,1.4399803931773651,1.6894929104165932
1.5,0.5879396984924623,1.430650216431398,1.6808652139704636
1.5,0.592964824120603,1.4224421055115746,1.671638283127281
1.5,0.5979899497487438,1.415280984760331,1.6612536878563182
1.5,0.6030150753768845,1.4089379019541783,1.649627722994152
1.5,0.6080402010050251,1.4030667999509574,1.6371118344825968
1.5,0.6130653266331658,1.3972304040370176,1.6242334695981797
1.5,0.6180904522613065,1.3909651442661082,1.6114724474319433
1.5,0.6231155778894473,1.3838985187716528,1.5991770680900124
1.5,0.628140703517588,1.3758655684706376,1.5875160458296769
1.5,0.6331658291457286,1.3669497929591545,1.5763638733150507
1.5,0.6381909547738693,1.3574211656456219,1.5652033404043044
1.5,0.6432160804020101,1.3476087106305177,1.5532296593705115
1.5,0.6482412060301508,1.3377661483991885,1.5396974637664735
1.5,0.6532663316582915,1.3279661660844417,1.5243120341084009
1.5,0.6582914572864321,1.3180420460100444,1.507391721144737
1.5,0.6633165829145728,1.3076083903172295,1.4896930938139523
1.5,0.6683417085427136,1.2961945776727766,1.4720243243510944
1.5,0.6733668341708543,1.2834680132230007,1.4548760822328635
1.5,0.678391959798995,1.269437101916845,1.4382388578528076
1.5,0.6834170854271356,1.2544991590324055,1.4216563479592075
1.5,0.6884422110552764,1.239288279442829,1.404472458020722
1.5,0.6934673366834171,1.2244178274857245,1.3861637599951855
1.5,0.6984924623115578,1.2102761781299443,1.366598802969496
1.5,0.7035175879396985,1.1969686995821853,1.346077444244194
1.5,0.7085427135678392,1.1843776910466197,1.3251222393538458
1.5,0.7135678391959799,1.172252262296124,1.30416222183139
1.5,0.7185929648241206,1.1602770805753309,1.2833277884153502
1.5,0.7236180904522613,1.148132390735136,1.2624825471655732
1.5,0.7286432160804021,1.1355672700842525,1.2414239589363993
1.5,0.7336683417085427,1.1224651076084093,1.2200526941448524
1.5,0.7386934673366834,1.108852310880634,1.198354055862036
1.5,0.7437185929648241,1.0948309853114768,1.1762182387742637
1.5,0.7487437185929648,1.0804735384689597,1.1532865165768664
1.5,0.7537688442211056,1.0657438796467735,1.1289950832135578
1.5,0.7587939698492463,1.0504889421184098,1.1028102619607012
1.5,0.7638190954773869,1.0345043586609517,1.0744866989072515
1.5,0.7688442211055276,1.017646607451506,1.0441838984495504
1.5,0.7738693467336684,0.9999436390901985,1.0124049247240905
1.5,0.7788944723618091,0.9816483199814864,0.9798245917409806
1.5,0.7839195979899498,0.9631982831171879,0.9470898482883591
1.5,0.7889447236180904,0.9450932398223979,0.9146549138227359
1.5,0.7939698492462312,0.9277449851474618,0.8826986934176211
1.5,0.7989949748743719,0.9113610813285374,0.8511411671273031
1.5,0.8040201005025126,0.8958928086630442,0.8197255351128762
1.5,0.8090452261306533,0.8810452572441259,0.7881125672589566
1.5,0.8140703517587939,0.8663357683727262,0.7559665316987977
1.5,0.8190954773869347,0.8511894703082639,0.723048904237494
1.5,0.8241206030150754,0.835060115641268,0.6893218687430166
1.5,0.8291457286432161,0.8175558976546938,0.6550139282795457
1.5,0.8341708542713568,0.7985399152656913,0.620577445331037
1.5,0.8391959798994975,0.7781704759350723,0.586511829897803
1.5,0.8442211055276382,0.7568532308510304,0.5531215260555609
1.5,0.8492462311557789,0.7351016505007502,0.5203593854600592
1.5,0.8542713567839196,0.7133437605066303,0.4878849442541308
1.5,0.8592964824120604,0.6917522409355202,0.4553177790816044
1.5,0.864321608040201,0.670180671645552,0.42250272102914915
1.5,0.8693467336683417,0.6482439115612042,0.3895949552510316
1.5,0.8743718592964824,0.625504717869539,0.3569385865650661
1.5,0.8793969849246231,0.6016695581845328,0.3248789457920038
1.5,0.8844221105527639,0.5766953250416283,0.29365822814256076
1.5,0.8894472361809045,0.5507665136806639,0.26342811135856997
1.5,0.8944723618090452,0.5241778609027427,0.23431274908658917
1.5,0.8994974874371859,0.49719905998094116,0.2064443556791435
1.5,0.9045226130653267,0.46998592865279637,0.17994527509642486
1.5,0.9095477386934674,0.4425588879087118,0.15489127198056976
1.5,0.914572864321608,0.4148320904347378,0.13131484190088188
1.5,0.9195979899497487,0.3866634750462817,0.10926922653375296
1.5,0.9246231155778895,0.35790225568910594,0.08890376010536084
1.5,0.9296482412060302,0.3284242531820032,0.07047446525529355
1.5,0.9346733668341709,0.2981592288090384,0.05426593801998532
1.5,0.9396984924623115,0.26712150665461465,0.04047814120682152
1.5,0.9447236180904522,0.23545091965192963,0.02915519206473229
1.5,0.949748743718593,0.20345836277417817,0.020187391003774532
1.5,0.9547738693467337,0.17165837794211844,0.013357995369492
1.5,0.9597989949748744,0.14076719177436875,0.008388783287292104
1.5,0.964824120603015,0.11164937793026296,0.004965232982003585
1.5,0.9698492462311558,0.0852090936763301,0.002753257533225177
1.5,0.9748743718592965,0.06224175092572461,0.0014237674183088917
1.5,0.9798994974874372,0.043283137116004976,0.000684494577588218
1.5,0.9849246231155779,0.02850350814649239,0.0003052957186044528
1.5,0.9899497487437187,0.01768427765370429,0.000126087590395198
1.5,0.9949748743718593,0.010286148766685637,4.8103957102037175e-05
1.5,1.0,0.005583338469529842,1.6895338913814944e-05
2.0,0.0,0.00030570620549096196,5.514692674423382e-06
2.0,0.005025125628140704,0.000695675943585101,1.5701738306516653e-05
2.0,0.010050251256281407,0.0014751189411507987,4.219120944940557e-05
2.0,0.01507537688442211,0.002923753710924212,0.00010780089964032452
2.0,0.020100502512562814,0.005435847845178655,0.00026158536511310094
2.0,0.02512562814070352,0.009515900131868765,0.0005984263454888546
2.0,0.03015075376884422,0.015748033565916086,0.0012797464357232615
2.0,0.035175879396984924,0.02473944156797168,0.0025435729820381253
2.0,0.04020100502512563,0.03704643112634442,0.004691934132775253
2.0,0.04522613065326633,0.053097710925501175,0.00805565687028969
2.0,0.05025125628140704,0.07313189116046277,0.01295486810458959
2.0,0.05527638190954774,0.09716461026370334,0.019678608942375827
2.0,0.06030150753768844,0.12499519828856315,0.028486530478629746
2.0,0.06532663316582915,0.15625276478926434,0.03960702933748486
2.0,0.07035175879396985,0.19046835023314324,0.05320553005786646
2.0,0.07537688442211056,0.2271488046367989,0.0693325677418243
2.0,0.08040201005025126,0.2658269278961767,0.087893839206579
2.0,0.08542713567839195,0.3060744487450156,0.10867225007781758
2.0,0.09045226130653267,0.34748446870996214,0.13139067927506076
2.0,0.09547738693467336,0.3896470105727351,0.15578483515266317
2.0,0.10050251256281408,0.4321451992279646,0.18167034594128822
2.0,0.10552763819095477,0.4745865412341987,0.20899597956460292
2.0,0.11055276381909548,0.5166584713669357,0.2378515983631241
2.0,0.11557788944723618,0.5581734456406997,0.26838645693946706
2.0,0.12060301507537688,0.5990647702767988,0.3006449933072358
2.0,0.12562814070351758,0.6393207177560097,0.3344201916839283
2.0,0.1306532663316583,0.6788898275105839,0.36925456429927034
2.0,0.135678391959799,0.7176214942479909,0.4046156046239986
2.0,0.1407035175879397,0.7552919225544311,0.44011326753504665
2.0,0.1457286432160804,0.79170756931365,0.475582705652436
2.0,0.15075376884422112,0.8268166141950839,0.5109899799379923
2.0,0.15577889447236182,0.8607438905093038,0.5462882867201533
2.0,0.16080402010050251,0.893713624164778,0.5813709580435384
2.0,0.1658291457286432,0.9259044272108174,0.616134512336215
2.0,0.1708542713567839,0.9573326049045413,0.6505514648997979
2.0,0.17587939698492464,0.987842929121909,0.6846769966871209
2.0,0.18090452261306533,1.0172123146344423,0.7186143400990359
2.0,0.18592964824120603,1.0452961814267498,0.7525027018430253
2.0,0.19095477386934673,1.072124070561278,0.7865240437767225
2.0,0.19597989949748745,1.0978912864872579,0.8208457231216688
2.0,0.20100502512562815,1.1228600819872796,0.8554527662129802
2.0,0.20603015075376885,1.1472290747162595,0.8899785442285016
2.0,0.21105527638190955,1.1710337250490257,0.9237422191443664
2.0,0.21608040201005024,1.1941177826858476,0.9560701597357519
2.0,0.22110552763819097,1.2161865060673798,0.9866941183622656
2.0,0.22613065326633167,1.2369242169704149,1.015893478850736
2.0,0.23115577889447236,1.2561313155418987,1.0442629531600596
2.0,0.23618090452261306,1.2738188762160818,1.0723267852233367
2.0,0.24120603015075376,1.290210442869197,1.1003170359544332
2.0,0.24623115577889448,1.305646426561575,1.1282165365875227
2.0,0.25125628140703515,1.3204441384418386,1.1559218738521126
2.0,0.2562814070351759,1.3347950930147456,1.1833589577210017
2.0,0.2613065326633166,1.3487539856432609,1.2105174297643433
2.0,0.2663316582914573,1.362306718632856,1.2374471292516027
2.0,0.271356783919598,1.3754507684991557,1.2642277747672503
2.0,0.2763819095477387,1.3882244788168434,1.2908971905042017
2.0,0.2814070351758794,1.4006751257970427,1.3173621248600853
2.0,0.2864321608040201,1.412806730805782,1.3433520305991937
2.0,0.2914572864321608,1.424554371174397,1.3684613938145107
2.0,0.2964824120603015,1.4357980632843093,1.3922914124244654
2.0,0.30150753768844224,1.446395726483687,1.4146618191896259
2.0,0.3065326633165829,1.4562092994823679,1.4357961470477847
2.0,0.31155778894472363,1.465115567554394,1.4563300703261508
2.0,0.3165829145728643,1.4730112298055045,1.4770527851220852
2.0,0.32160804020100503,1.4798258060220673,1.4984738789587597
2.0,0.32663316582914576,1.4855480192832404,1.520469513847162
2.0,0.3316582914572864,1.4902601747807895,1.542247044838415
2.0,0.33668341708542715,1.4941654024111253,1.5626733707760336
2.0,0.3417085427135678,1.4975846995344806,1.5807887878756535
2.0,0.34673366834170855,1.5008997717107921,1.5962330207478101
2.0,0.35175879396984927,1.504435889359225,1.6093846002886238
2.0,0.35678391959798994,1.5083193226720175,1.6211836005037292
2.0,0.36180904522613067,1.5123833361531478,1.6327598604430003
2.0,0.36683417085427134,1.5161967829078424,1.6450463601258243
2.0,0.37185929648241206,1.5192327524776275,1.658515120868908
2.0,0.3768844221105528,1.521110539131798,1.6730973516737415
2.0,0.38190954773869346,1.5217907181118293,1.688300568870857
2.0,0.3869346733668342,1.521620850250294,1.7034858741380263
2.0,0.3919597989949749,1.521207312800782,1.7181707991282122
2.0,0.3969849246231156,1.5211750978588867,1.7321529079336755
2.0,0.4020100502512563,1.5219225796902962,1.7453581146401917
2.0,0.40703517587939697,1.5234689533238661,1.7575838249111002
2.0,0.4120603015075377,1.5254472685526224,1.76845685950848
2.0,0.4170854271356784,1.5272396637571102,1.7777298912290558
2.0,0.4221105527638191,1.5281983427793966,1.7856432244945506
2.0,0.4271356783919598,1.52786069269321,1.7929105323104175
2.0,0.4321608040201005,1.526069892202068,1.8001969943498466
2.0,0.4371859296482412,1.5229616199749565,1.8074909837484003
2.0,0.44221105527638194,1.5188485865842363,1.8139729671523404
2.0,0.4472361809045226,1.5140807803655105,1.8185865035236473
2.0,0.45226130653266333,1.5089513554617766,1.820870510392577
2.0,0.457286432160804,1.5036718583724051,1.8213631112812296
2.0,0.4623115577889447,1.4983984677350761,1.8212764181936667
2.0,0.46733668341708545,1.4932775704915227,1.8217581140277477
2.0,0.4723618090452261,1.4884824071335692,1.8233113457917656
2.0,0.47738693467336685,1.4842126605676866,1.8256875693695398
2.0,0.4824120603015075,1.4806320578720473,1.828158857306119
2.0,0.48743718592964824,1.477749003310048,1.829917440359467
2.0,0.49246231155778897,1.4752999569610832,1.8304457625818604
2.0,0.49748743718592964,1.4727294822202028,1.829768073229191
2.0,0.5025125628140703,1.4693261927736854,1.8284340593186819
2.0,0.507537688442211,1.4644762551157102,1.8271258897134033
2.0,0.5125628140703518,1.4579052507374342,1.8260768503186493
2.0,0.5175879396984925,1.4497721231433907,1.8247728751280126
2.0,0.5226130653266332,1.4405691708135244,1.8222704361485542
2.0,0.5276381909547738,1.430902016150998,1.8179349319006146
2.0,0.5326633165829145,1.4212812946348303,1.812002377836048
2.0,0.5376884422110553,1.4120184715174937,1.8055138944818714
2.0,0.542713567839196,1.4032306341346876,1.799700588016198
2.0,0.5477386934673367,1.3949019411973398,1.7952754854350084
2.0,0.5527638190954774,1.3869539021975958,1.7920378272662043
2.0,0.5577889447236181,1.3793086736061595,1.788905691173853
2.0,0.5628140703517588,1.3719420492697998,1.7842832382892355
2.0,0.5678391959798995,1.364910511258608,1.7766177677141421
2.0,0.5728643216080402,1.3583311284992035,1.7649930107651493
2.0,0.577889447236181,1.3523145415798536,1.7495631167430739
2.0,0.5829145728643216,1.3468825264605555,1.731606620799456
2.0,0.5879396984924623,1.3419119474529064,1.7130777715292014
2.0,0.592964824120603,1.3371294421972122,1.6957992491021117
2.0,0.5979899497487438,1.332156349227493,1.680733304308238
2.0,0.6030150753768845,1.326590039831565,1.6677906452623787
2.0,0.6080402010050251,1.3201033003086484,1.656256301428188
2.0,0.6130653266331658,1.3125358739753539,1.6454288342929069
2.0,0.6180904522613065,1.3039437403025729,1.634958164253506
2.0,0.6231155778894473,1.2945784670660416,1.6247228208255111
2.0,0.628140703517588,1.2847983461365269,1.6145093554087209
2.0,0.6331658291457286,1.2749480374196,1.6038382387681327
2.0,0.6381909547738693,1.2652571970955773,1.592040883894237
2.0,0.6432160804020101,1.255791992004194,1.5784533719682379
2.0,0.6482412060301508,1.2464632624841656,1.5625789052298187
2.0,0.6532663316582915,1.237074420156658,1.5442188387698343
2.0,0.6582914572864321,1.227388373347073,1.5236431223384899
2.0,0.6633165829145728,1.217197416208101,1.5017309428879937
2.0,0.6683417085427136,1.2063843242946588,1.4798383048861117
2.0,0.6733668341708543,1.194966034153611,1.4592603722256268
2.0,0.678391959798995,1.183113843329156,1.4405524159680896
2.0,0.6834170854271356,1.1711427016634268,1.423221737972738
2.0,0.6884422110552764,1.1594577277962246,1.4060567418380494
2.0,0.6934673366834171,1.1484515884322577,1.387831707655189
2.0,0.6984924623115578,1.1383738634924054,1.3678543276795156
2.0,0.7035175879396985,1.129229537682848,1.3460458767858723
2.0,0.7085427135678392,1.1207704144227117,1.3226772836168965
2.0,0.7135678391959799,1.112597199697095,1.2980937853553944
2.0,0.7185929648241206,1.1043181123134604,1.2726209869425404
2.0,0.7236180904522613,1.0956723212556667,1.2465895881063387
2.0,0.7286432160804021,1.0865576066962166,1.2203172134154427
2.0,0.7336683417085427,1.0769733232132994,1.1939890592583804
2.0,0.7386934673366834,1.0669399729462077,1.1675354652470307
2.0,0.7437185929648241,1.056450926011927,1.140652585990689
2.0,0.7487437185929648,1.0454705676139329,1.1130005216765255
2.0,0.7537688442211056,1.0339611161107993,1.084434112987342
2.0,0.7587939698492463,1.021917632333719,1.055056937591317
2.0,0.7638190954773869,1.0094003124446105,1.0250406414527191
2.0,0.7688442211055276,0.9965524181238625,0.9943931931805963
2.0,0.7738693467336684,0.9835852281283473,0.9629297466664494
2.0,0.7788944723618091,0.9707209750856586,0.9304941140682749
2.0,0.7839195979899498,0.9581155187379902,0.8972030165076528
2.0,0.7889447236180904,0.9458060652933157,0.8634486920247276
2.0,0.7939698492462312,0.9337154012931801,0.8296501994736228
2.0,0.7989949748743719,0.9217011900416765,0.7960033788049389
2.0,0.8040201005025126,0.9096093118987756,0.7624532161053924
2.0,0.8090452261306533,0.8973030233626889,0.7288569986312438
2.0,0.8140703517587939,0.884676741351317,0.6951373149225856
2.0,0.8190954773869347,0.8716802573777872,0.6613071648380142
2.0,0.8241206030150754,0.8583561650241207,0.627426464933198
2.0,0.8291457286432161,0.8448563332982059,0.5935893783523042
2.0,0.8341708542713568,0.8313958240099133,0.5599376234279649
2.0,0.8391959798994975,0.8181405256249076,0.526623335493644
2.0,0.8442211055276382,0.8050807044687869,0.4937099074178789
2.0,0.8492462311557789,0.7919705083346887,0.4611078585145691
2.0,0.8542713567839196,0.7783858604189089,0.42864068798775873
2.0,0.8592964824120604,0.7638831190825822,0.3962063745877614
2.0,0.864321608040201,0.7481743152960285,0.36389103938259987
2.0,0.8693467336683417,0.7312194926261952,0.33193728749277474
2.0,0.8743718592964824,0.7131865337794095,0.3006228911690783
2.0,0.8793969849246231,0.6943107192101428,0.27018553107122567
2.0,0.8844221105527639,0.6747435770729547,0.2408467970637136
2.0,0.8894472361809045,0.6544763352575702,0.2128558907942584
2.0,0.8944723618090452,0.6333662174104278,0.18645555358994134
2.0,0.8994974874371859,0.6112278392908339,0.16178120613008778
2.0,0.9045226130653267,0.5879210877219294,0.1388004275196957
2.0,0.9095477386934674,0.5633847738909483,0.11737404160344377
2.0,0.914572864321608,0.537610398526474,0.09740582483143435
2.0,0.9195979899497487,0.5105867319520327,0.07896405367869597
2.0,0.9246231155778895,0.48225253509484556,0.06228155902754129
2.0,0.9296482412060302,0.45247811896800033,0.04764212009702518
2.0,0.9346733668341709,0.4210782559249746,0.03524356121686614
2.0,0.9396984924623115,0.38785337298544886,0.025124592108728614
2.0,0.9447236180904522,0.35265913256351683,0.01717396286901065
2.0,0.949748743718593,0.31550332829420674,0.011180488181834517
2.0,0.9547738693467337,0.2766563894934358,0.006876845926141967
2.0,0.9597989949748744,0.23674328472143485,0.003962983788249435
2.0,0.964824120603015,0.19677350311984854,0.0021230702750240833
2.0,0.9698492462311558,0.1580732657560201,0.0010503026416255519
2.0,0.9748743718592965,0.12211216846140771,0.00047724630364424827
2.0,0.9798994974874372,0.09025609764945355,0.00019834051759718064
2.0,0.9849246231155779,0.0635127765416963,7.512775138878615e-05
2.0,0.9899497487437187,0.04234830508100297,2.5852313894268958e-05
2.0,0.9949748743718593,0.026633334461886014,8.054471133613979e-06
2.0,1.0,0.015731760072816077,2.263528517760921e-06
2.5,0.0,0.0010711069139760462,1.0729802486069851e-06
2.5,0.005025125628140704,0.0021754923576106527,3.650516451894772e-06
2.5,0.010050251256281407,0.004160874369673276,1.1301802286962524e-05
2.5,0.01507537688442211,0.007515073814591782,3.2250349491549156e-05
2.5,0.020100502512562814,0.01285507942167688,8.569190838317742e-05
2.5,0.02512562814070352,0.020888737653825533,0.00021314335037408082
2.5,0.03015075376884422,0.03234208997430546,0.0004963085941815357
2.5,0.035175879396984924,0.047861197523553375,0.0010782140799749658
2.5,0.04020100502512563,0.06790917207302133,0.0021767128947523485
2.5,0.04522613065326633,0.09268648912594557,0.004074963147273483
2.5,0.05025125628140704,0.12209999362617621,0.007082560783009241
2.5,0.05527638190954774,0.1557912655410353,0.01148515190544863
2.5,0.06030150753768844,0.1932130014440678,0.01751915052009495
2.5,0.06532663316582915,0.233723824714172,0.02539188737665302
2.5,0.07035175879396985,0.27666835068027373,0.0353179664390193
2.5,0.07537688442211056,0.3214229168496378,0.0475117293144857
2.5,0.08040201005025126,0.36740932160694084,0.062113010866751965
2.5,0.08542713567839195,0.4140948261631269,0.0791026045729523
2.5,0.09045226130653267,0.46099695338309943,0.09829752613762273
2.5,0.09547738693467336,0.5076981336882007,0.11945669088044633
2.5,0.10050251256281408,0.5538596914314715,0.1424257212446623
2.5,0.10552763819095477,0.5992200739269518,0.16720105482530243
2.5,0.11055276381909548,0.6435732540867912,0.19385021714058254
2.5,0.11557788944723618,0.6867414241452018,0.22235167678403914
2.5,0.12060301507537688,0.7285648085761778,0.25250555445616685
2.5,0.12562814070351758,0.7689195933099775,0.28401406824034825
2.5,0.1306532663316583,0.8077495844227202,0.3166610944978997
2.5,0.135678391959799,0.8450807159589118,0.3504010308724147
2.5,0.1407035175879397,0.8809978252735409,0.38524654130740904
2.5,0.1457286432160804,0.915593815762723,0.4210607505388252
2.5,0.15075376884422112,0.9489247919414628,0.4574748640275263
2.5,0.15577889447236182,0.9809985589953085,0.494025611667398
2.5,0.16080402010050251,1.0117941462596876,0.5303796554416661
2.5,0.1658291457286432,1.0412857543374436,0.5664419703144634
2.5,0.1708542713567839,1.06944813553442,0.6022874466928511
2.5,0.17587939698492464,1.0962456102980693,0.638023017630664
2.5,0.18090452261306533,1.1216268126307112,0.6737126506341947
2.5,0.18592964824120603,1.1455425214108814,0.7093983760183431
2.5,0.19095477386934673,1.167980973308241,0.7451486374615582
2.5,0.19597989949748745,1.1889970311951246,0.7810454394868678
2.5,0.20100502512562815,1.208714454367467,0.8170878943453086
2.5,0.20603015075376885,1.2272995829493631,0.8530842558617071
2.5,0.21105527638190955,1.2449227836367658,0.888650119160053
2.5,0.21608040201005024,1.2617285832523726,0.92337657596278
2.5,0.22110552763819097,1.2778269480317401,0.9570919533055945
2.5,0.22613065326633167,1.2933045303460184,0.9900129037169618
2.5,0.23115577889447236,1.3082429705143142,1.022606471208421
2.5,0.23618090452261306,1.322725717009257,1.0552073878910928
2.5,0.24120603015075376,1.3368188568658328,1.087685218649956
2.5,0.24623115577889448,1.350527174282211,1.1194688135354984
2.5,0.25125628140703515,1.3637491371039765,1.1499495354541454
2.5,0.2562814070351759,1.3762687924727197,1.1789590975339623
2.5,0.2613065326633166,1.3878114972426907,1.2069566668134084
2.5,0.2663316582914573,1.3981516090194923,1.234788587132775
2.5,0.271356783919598,1.4072165661915748,1.2631879880793468
2.5,0.2763819095477387,1.4151193587080824,1.2923528905837678
2.5,0.2814070351758794,1.422089146293581,1.3218853158334696
2.5,0.2864321608040201,1.4283369977536555,1.3511147361634144
2.5,0.2914572864321608,1.4339411678527758,1.3795415227292616
2.5,0.2964824120603015,1.4388257239875757,1.4070584836167734
2.5,0.30150753768844224,1.4428436189127292,1.4338164441925572
2.5,0.3065326633165829,1.4459066345198108,1.4599100105747052
2.5,0.31155778894472363,1.4480786173423135,1.4851997221765234
2.5,0.3165829145728643,1.4495787392598292,1.5094374539481725
2.5,0.32160804020100503,1.4507009477861008,1.532557349088081
2.5,0.32663316582914576,1.451702367710828,1.5548158410660342
2.5,0.3316582914572864,1.45272209188824,1.5765933974020825
2.5,0.33668341708542715,1.4537660526305778,1.5980026325720331
2.5,0.3417085427135678,1.454754662543768,1.6186661790341028
2.5,0.34673366834170855,1.4555989747817732,1.6379073136485407
2.5,0.35175879396984927,1.4562603991413272,1.6552342901892683
2.5,0.35678391959798994,1.4567612219663106,1.6707333399143243
2.5,0.36180904522613067,1.4571427002351856,1.6850658768833138
2.5,0.36683417085427134,1.457400171659414,1.6991073595301616
2.5,0.37185929648241206,1.4574412997267059,1.7135332901415474
2.5,0.3768844221105528,1.4571011709674526,1.7286147779698904
2.5,0.38190954773869346,1.456211386358257,1.744239966156437
2.5,0.3869346733668342,1.4546829464260957,1.7600325271754969
2.5,0.3919597989949749,1.4525512444630158,1.7755068498735505
2.5,0.3969849246231156,1.4499552268361993,1.7902797516521434
2.5,0.4020100502512563,1.4470655180256584,1.8042690102850136
2.5,0.40703517587939697,1.4440079341981196,1.8176959309250629
2.5,0.4120603015075377,1.4408279048483783,1.830823849702325
2.5,0.4170854271356784,1.4375102453539197,1.8436315099187732
2.5,0.4221105527638191,1.4340303271257213,1.8557062955536128
2.5,0.4271356783919598,1.4303933305382135,1.8664396847513776
2.5,0.4321608040201005,1.4266304219233716,1.8753636938320597
2.5,0.4371859296482412,1.4227555886061658,1.8824079028880174
2.5,0.44221105527638194,1.4187200571139795,1.8879442435447638
2.5,0.4472361809045226,1.4144082656055534,1.892598299821349
2.5,0.45226130653266333,1.4096929320758986,1.8969146488737156
2.5,0.457286432160804,1.404523254620537,1.9010660131333588
2.5,0.4623115577889447,1.3989895151887723,1.9048106801957125
2.5,0.46733668341708545,1.3933120991743728,1.907746686904163
2.5,0.4723618090452261,1.3877433383864595,1.909658016502761
2.5,0.47738693467336685,1.3824238318638575,1.9106404907369725
2.5,0.4824120603015075,1.37726904852494,1.910898801746944
2.5,0.48743718592964824,1.371954882910741,1.9104450222969078
2.5,0.49246231155778897,1.3660233849174612,1.9090241429376391
2.5,0.49748743718592964,1.3590666881332791,1.9063335851917154
2.5,0.5025125628140703,1.3509033964290678,1.902309354241475
2.5,0.507537688442211,1.3416635009314986,1.8972460459768707
2.5,0.5125628140703518,1.3317463548936102,1.8917249519309451
2.5,0.5175879396984925,1.3216839656391166,1.8864429061982377
2.5,0.5226130653266332,1.3119872680523128,1.881984634052601
2.5,0.5276381909547738,1.3030474946533108,1.87855649608417
2.5,0.5326633165829145,1.2951151368376228,1.8758061828712862
2.5,0.5376884422110553,1.2883245161588892,1.8729216443805847
2.5,0.542713567839196,1.28271308923536,1.8690406109889954
2.5,0.5477386934673367,1.2782097011489877,1.8637006287100932
2.5,0.5527638190954774,1.2746072350323925,1.8569409109409951
2.5,0.5577889447236181,1.2715563123277809,1.848940140691027
2.5,0.5628140703517588,1.2686046677931695,1.8395440186224958
2.5,0.5678391959798995,1.2652770492848466,1.8282024080094101
2.5,0.5728643216080402,1.2611677299474822,1.8144321852364635
2.5,0.577889447236181,1.2560147522466052,1.798343047708899
2.5,0.5829145728643216,1.2497375637279216,1.7806857974556531
2.5,0.5879396984924623,1.2424353623890392,1.7624109215292965
2.5,0.592964824120603,1.2343528712353526,1.7442279749719225
2.5,0.5979899497487438,1.2258226031424115,1.7265636504556305
2.5,0.6030150753768845,1.217193881162543,1.709798944507728
2.5,0.6080402010050251,1.2087637153227169,1.6943551837458408
2.5,0.6130653266331658,1.2007292571108614,1.6804283374894908
2.5,0.6180904522613065,1.193176072155667,1.6676464410804948
2.5,0.6231155778894473,1.1860980798109995,1.6550824540257156
2.5,0.628140703517588,1.179426531807361,1.641697609134053
2.5,0.6331658291457286,1.173044944445045,1.6268344619019
2.5,0.6381909547738693,1.1667869721370787,1.6103605278942326
2.5,0.6432160804020101,1.1604357333981508,1.5924616072474107
2.5,0.6482412060301508,1.1537445977583334,1.573386186828444
2.5,0.6532663316582915,1.1464805859113791,1.5533534538602134
2.5,0.6582914572864321,1.1384731479012764,1.532584701380302
2.5,0.6633165829145728,1.1296512603789695,1.511319520414102
2.5,0.6683417085427136,1.1200659994271496,1.489754133544774
2.5,0.6733668341708543,1.1099036646374627,1.4679415827586124
2.5,0.678391959798995,1.0994850941446324,1.445743146645975
2.5,0.6834170854271356,1.0892326185410892,1.4229045717497886
2.5,0.6884422110552764,1.0795902113666724,1.3992472699878011
2.5,0.6934673366834171,1.070911125154044,1.3748555764993549
2.5,0.6984924623115578,1.063358836757461,1.3500964729705052
2.5,0.7035175879396985,1.0568703906246522,1.3253947892278617
2.5,0.7085427135678392,1.0511975917563576,1.3008782049094776
2.5,0.7135678391959799,1.0459962743658446,1.2761609209979432
2.5,0.7185929648241206,1.0409137827671275,1.250480679382761
2.5,0.7236180904522613,1.0356432310744028,1.2231282650387543
2.5,0.7286432160804021,1.0299485846591439,1.193846928340171
2.5,0.7336683417085427,1.023683505921683,1.1629039159257135
2.5,0.7386934673366834,1.0168157184976614,1.1308353095435801
2.5,0.7437185929648241,1.0094436214964988,1.0981286355781652
2.5,0.7487437185929648,1.001780058460082,1.065082239484116
2.5,0.7537688442211056,0.9940917203113888,1.0318482788304453
2.5,0.7587939698492463,0.986610590002965,0.9985088243119019
2.5,0.7638190954773869,0.9794542212884638,0.9650931602569975
2.5,0.7688442211055276,0.9725904340117527,0.9315854562181228
2.5,0.7738693467336684,0.9658617542998492,0.8979827000158825
2.5,0.7788944723618091,0.9590589861187904,0.8643417398516858
2.5,0.7839195979899498,0.9520139371765931,0.8307187491530423
2.5,0.7889447236180904,0.9446736658494346,0.7970523372105299
2.5,0.7939698492462312,0.9371235681897393,0.7631600449114763
2.5,0.7989949748743719,0.929544690501531,0.72889691854341
2.5,0.8040201005025126,0.9221191553737966,0.6943104965259559
2.5,0.8090452261306533,0.914925434941291,0.6596214918499212
2.5,0.8140703517587939,0.9078757023081131,0.6250687662565724
2.5,0.8190954773869347,0.9007305332654376,0.5907937068867024
2.5,0.8241206030150754,0.8931883733582605,0.5568492104655131
2.5,0.8291457286432161,0.8850089433216342,0.5232620510143574
2.5,0.8341708542713568,0.8761122994158063,0.4900534897586228
2.5,0.8391959798994975,0.8666075761835127,0.4572145639171581
2.5,0.8442211055276382,0.8567400588446469,0.4246974309668255
2.5,0.8492462311557789,0.8467833308060468,0.39245918229840565
2.5,0.8542713567839196,0.8369253650341333,0.3605293809735966
2.5,0.8592964824120604,0.827194307501296,0.3290435215550557
2.5,0.864321608040201,0.8174466680394168,0.29822127964258416
2.5,0.8693467336683417,0.8074124903280968,0.26832402961549673
2.5,0.8743718592964824,0.7967725816251839,0.23962566236587785
2.5,0.8793969849246231,0.7852373000632267,0.21237892810876227
2.5,0.8844221105527639,0.7726017175738673,0.18674817619809636
2.5,0.8894472361809045,0.758762402786473,0.16274394501429112
2.5,0.8944723618090452,0.7436930094995532,0.1402406359662989
2.5,0.8994974874371859,0.7273886550985565,0.11909822292418121
2.5,0.9045226130653267,0.7098015034431232,0.0993030350596819
2.5,0.9095477386934674,0.690796491476837,0.08101875924260589
2.5,0.914572864321608,0.67014878066601,0.0645193365218804
2.5,0.9195979899497487,0.6475816523995043,0.05006482108448157
2.5,0.9246231155778895,0.6228173238828155,0.03779982104703395
2.5,0.9296482412060302,0.5956039884372696,0.027714799805073503
2.5,0.9346733668341709,0.5657015370464414,0.019666811587507035
2.5,0.9396984924623115,0.5328449631427954,0.013432908958348061
2.5,0.9447236180904522,0.49673200274646767,0.008763218307439187
2.5,0.949748743718593,0.4570795057583557,0.005409799111309297
2.5,0.9547738693467337,0.4137615664817353,0.003129936885088811
2.5,0.9597989949748744,0.36699896686064826,0.0016823012807468257
2.5,0.964824120603015,0.3175343952576059,0.000833949979570601
2.5,0.9698492462311558,0.2667150897609737,0.0003791551398756251
2.5,0.9748743718592965,0.21642077531272685,0.00015741172036478888
2.5,0.9798994974874372,0.16881997734395976,5.944562939938904e-05
2.5,0.9849246231155779,0.12600106853215362,2.0337327113017034e-05
2.5,0.9899497487437187,0.08958124831365287,6.273411583758548e-06
2.5,0.9949748743718593,0.060417285261643396,1.7353543486918795e-06
2.5,1.0,0.038509719095434956,4.279576627180122e-07
3.0,0.0,0.0029648032187087566,3.742915057805988e-08
3.0,0.005025125628140704,0.005559339397990907,2.004577694668812e-07
3.0,0.010050251256281407,0.009872468123952765,9.322244300377112e-07
3.0,0.01507537688442211,0.016644853175763204,3.784072819654304e-06
3.0,0.020100502512562814,0.026713052177381513,1.3495638351576225e-05
3.0,0.02512562814070352,0.04092148140750224,4.262684915427513e-05
3.0,0.03015075376884422,0.06000839141603465,0.00012032891624111528
3.0,0.035175879396984924,0.08448957968331054,0.0003064510560987047
3.0,0.04020100502512563,0.11456860600312223,0.0007103409819697806
3.0,0.04522613065326633,0.1500974933275727,0.0015092557311881442
3.0,0.05025125628140704,0.19059800653654485,0.0029541609325489603
3.0,0.05527638190954774,0.23533561178491022,0.005346416301270772
3.0,0.06030150753768844,0.2834234446218207,0.008980089721614883
3.0,0.06532663316582915,0.3339281972324593,0.014076892092081347
3.0,0.07035175879396985,0.38595545082846466,0.020769094038312768
3.0,0.07537688442211056,0.4387047117754873,0.02916367107418946
3.0,0.08040201005025126,0.49149692918424065,0.03944115451264832
3.0,0.08542713567839195,0.5437834403923789,0.05188182358577323
3.0,0.09045226130653267,0.5951441094740447,0.0667611060941597
3.0,0.09547738693467336,0.6452780059926766,0.08418871553107954
3.0,0.10050251256281408,0.6939872998511979,0.10403560676989163
3.0,0.10552763819095477,0.7411554372138439,0.126009982562403
3.0,0.11055276381909548,0.7867215483464254,0.14980047023135665
3.0,0.11557788944723618,0.8306522123742878,0.1751616162801029
3.0,0.12060301507537688,0.8729108547912859,0.2019087230311644
3.0,0.12562814070351758,0.9134279138166472,0.22990009047912377
3.0,0.1306532663316583,0.9520816401795111,0.25908682252397547
3.0,0.135678391959799,0.98870388812858,0.2895932815434839
3.0,0.1407035175879397,1.0231196319755211,0.3216862161354975
3.0,0.1457286432160804,1.0552117963453642,0.35555565595579014
3.0,0.15075376884422112,1.084983416157989,0.3910479902956706
3.0,0.15577889447236182,1.1125818023297898,0.42761616599931235
3.0,0.16080402010050251,1.1382636198456122,0.46458716001557376
3.0,0.1658291457286432,1.1623110088794253,0.5015399883667534
3.0,0.1708542713567839,1.1849392351046373,0.5384818567518521
3.0,0.17587939698492464,1.2062452484334114,0.5757087187808838
3.0,0.18090452261306533,1.226224910678497,0.6134957781720248
3.0,0.18592964824120603,1.2448453778300805,0.651844692124081
3.0,0.19095477386934673,1.2621242497874847,0.6904379276889552
3.0,0.19597989949748745,1.278163150835764,0.7288277784342356
3.0,0.20100502512562815,1.2931151281958417,0.766736261578558
3.0,0.20603015075376885,1.3071118992470294,0.8042222327486763
3.0,0.21105527638190955,1.3202055545481184,0.8415516018851383
3.0,0.21608040201005024,1.3323687272577482,0.8788883052343844
3.0,0.22110552763819097,1.3435548446238623,0.9161171311222552
3.0,0.22613065326633167,1.3537768164970962,0.9529740919546503
3.0,0.23115577889447236,1.3631493830322123,0.9893280649992836
3.0,0.23618090452261306,1.3718649946565635,1.0252863477856722
3.0,0.24120603015075376,1.38011553940645,1.0609856915472213
3.0,0.24623115577889448,1.3880023812082103,1.0963033234004487
3.0,0.25125628140703515,1.3954783952141172,1.1308571733546433
3.0,0.2562814070351759,1.4023443615506708,1.1643487141488893
3.0,0.2613065326633166,1.4082972567474419,1.1968766709386296
3.0,0.2663316582914573,1.413013467013925,1.228857441943002
3.0,0.271356783919598,1.4162458424392483,1.260641060507487
3.0,0.2763819095477387,1.4179123533677513,1.2922411410808932
3.0,0.2814070351758794,1.418152112041543,1.3234230220048977
3.0,0.2864321608040201,1.4173258250695453,1.3540013426130293
3.0,0.2914572864321608,1.4159490053199149,1.3840663131544204
3.0,0.2964824120603015,1.414568453773747,1.4140150016007131
3.0,0.30150753768844224,1.413617565892507,1.4443974288692478
3.0,0.3065326633165829,1.413300599438379,1.47559931679652
3.0,0.31155778894472363,1.4135494959130588,1.5074574280936193
3.0,0.3165829145728643,1.4140686671528628,1.539067372043947
3.0,0.32160804020100503,1.4144455867798873,1.5690436759417516
3.0,0.32663316582914576,1.414277818655241,1.5961856551519231
3.0,0.3316582914572864,1.413265866108757,1.6201278970414512
3.0,0.33668341708542715,1.4112464247180307,1.6414969648675541
3.0,0.3417085427135678,1.4081761427281234,1.6614670957683233
3.0,0.34673366834170855,1.4040995130784866,1.681079081960799
3.0,0.35175879396984927,1.3991326499204908,1.7008076631378297
3.0,0.35678391959798994,1.3934715016527608,1.7205770372387525
3.0,0.36180904522613067,1.3874060563346051,1.7400908497085192
3.0,0.36683417085427134,1.381309772954359,1.75921426904752
3.0,0.37185929648241206,1.37558359090022,1.778156586042734
3.0,0.3768844221105528,1.3705599742735999,1.7973061226579437
3.0,0.38190954773869346,1.366399106987308,1.8168194480549547
3.0,0.3869346733668342,1.3630215498848055,1.836314282820588
3.0,0.3919597989949749,1.3601124872280896,1.8549655338705084
3.0,0.3969849246231156,1.3572058037077201,1.8719530695298214
3.0,0.4020100502512563,1.3538232876837462,1.8869047784327413
3.0,0.40703517587939697,1.3496196155717366,1.9000067111902357
3.0,0.4120603015075377,1.3444790046706232,1.9117542162822803
3.0,0.4170854271356784,1.3385284226273761,1.9225986562053459
3.0,0.4221105527638191,1.3320679766661656,1.9327688175676112
3.0,0.4271356783919598,1.3254547397793666,1.9423312899277938
3.0,0.4321608040201005,1.3189930274477115,1.9513229762875242
3.0,0.4371859296482412,1.3128729938351187,1.9597593298482554
3.0,0.44221105527638194,1.307168105863675,1.9675140201570078
3.0,0.4472361809045226,1.3018704559055925,1.9742734731785556
3.0,0.45226130653266333,1.2969293121148195,1.979734290886877
3.0,0.457286432160804,1.2922675782549775,1.9839210541714885
3.0,0.4623115577889447,1.2877730822134335,1.9872994759013973
3.0,0.46733668341708545,1.2832812508143792,1.9905398419640254
3.0,0.4723618090452261,1.2785719237019617,1.9941310010526134
3.0,0.47738693467336685,1.2733944088251317,1.9981193928027121
3.0,0.4824120603015075,1.2675177674152087,2.002049650143757
3.0,0.48743718592964824,1.260787604542649,2.0050552526253274
3.0,0.49246231155778897,1.2531652318046134,2.006079043232382
3.0,0.49748743718592964,1.2447335599854843,2.004204378422744
3.0,0.5025125628140703,1.2356718029058895,1.9989965677302588
3.0,0.507537688442211,1.2262166932105811,1.9907183230456977
3.0,0.5125628140703518,1.2166307238216387,1.9803340559770573
3.0,0.5175879396984925,1.2071862424303652,1.9692829155412495
3.0,0.5226130653266332,1.198157358486167,1.9590540814008865
3.0,0.5276381909547738,1.189802827052754,1.9506813915280892
3.0,0.5326633165829145,1.1823290631432062,1.9443710897112072
3.0,0.5376884422110553,1.1758385152065145,1.9394747839812232
3.0,0.542713567839196,1.1702832272032355,1.9348483337666778
3.0,0.5477386934673367,1.1654473901998241,1.9293920935654076
3.0,0.5527638190954774,1.1609749625115968,1.9224402851297175
3.0,0.5577889447236181,1.156444124300093,1.9137692235605979
3.0,0.5628140703517588,1.1514747640170877,1.9032783297728366
3.0,0.5678391959798995,1.1458410448482264,1.8906729760313017
3.0,0.5728643216080402,1.1395512125104772,1.87549728063731
3.0,0.577889447236181,1.132857696723596,1.8575508154702132
3.0,0.5829145728643216,1.1261794680863608,1.8373378762983181
3.0,0.5879396984924623,1.1199543478523437,1.8161254844514274
3.0,0.592964824120603,1.1144760385245986,1.7954998420163988
3.0,0.5979899497487438,1.109785800019086,1.7766937885094611
3.0,0.6030150753768845,1.1056675096737443,1.7600840038006245
3.0,0.6080402010050251,1.1017449782222657,1.7451025433596041
3.0,0.6130653266331658,1.0976295160833938,1.7305531337915998
3.0,0.6180904522613065,1.0930442765977026,1.7151278751233054
3.0,0.6231155778894473,1.0878726393385085,1.6978673471532446
3.0,0.628140703517588,1.08212683362113,1.6784023467030662
3.0,0.6331658291457286,1.0758781701177262,1.656959398527765
3.0,0.6381909547738693,1.0692032822944535,1.634190817818578
3.0,0.6432160804020101,1.0621765148699633,1.6109078621050892
3.0,0.6482412060301508,1.0548980534313375,1.587809536384211
3.0,0.6532663316582915,1.0475212425436897,1.5652897383751045
3.0,0.6582914572864321,1.0402477864786064,1.543347817933145
3.0,0.6633165829145728,1.033287958359882,1.5215914964048032
3.0,0.6683417085427136,1.026810009383787,1.4993462241737097
3.0,0.6733668341708543,1.0209084360134633,1.4758808321606223
3.0,0.678391959798995,1.0156036664701613,1.450668694184851
3.0,0.6834170854271356,1.0108625159767801,1.4235500831438617
3.0,0.6884422110552764,1.0066181583147795,1.3947577027617433
3.0,0.6934673366834171,1.0027764588211017,1.3648744999544888
3.0,0.6984924623115578,0.9992126681651815,1.3347216151162589
3.0,0.7035175879396985,0.9957730496196311,1.305064457626466
3.0,0.7085427135678392,0.9922918408213639,1.276166369493419
3.0,0.7135678391959799,0.9886203300360605,1.247506133573672
3.0,0.7185929648241206,0.9846546670772346,1.21797342826582
3.0,0.7236180904522613,0.9803508853512256,1.1864700548821698
3.0,0.7286432160804021,0.9757263271580254,1.1524966257653786
3.0,0.7336683417085427,0.9708550318667478,1.11635893473437
3.0,0.7386934673366834,0.9658624446949426,1.078965000390328
3.0,0.7437185929648241,0.9609148559807383,1.041427780521038
3.0,0.7487437185929648,0.9561927211184261,1.00466976288345
3.0,0.7537688442211056,0.951843726986666,0.9691125712622243
3.0,0.7587939698492463,0.9479289173986101,0.9345360682596743
3.0,0.7638190954773869,0.944390042925417,0.9002313233097249
3.0,0.7688442211055276,0.9410644276279446,0.8654324128350563
3.0,0.7738693467336684,0.9377519502299659,0.8297540950288383
3.0,0.7788944723618091,0.9343089629745254,0.7933176920179127
3.0,0.7839195979899498,0.9307251662682815,0.7565311188156328
3.0,0.7889447236180904,0.9271446242504956,0.7197908011335638
3.0,0.7939698492462312,0.923819009468992,0.6833630551936499
3.0,0.7989949748743719,0.9210139599390987,0.647446115773113
3.0,0.8040201005025126,0.9189094953385119,0.6122347991660128
3.0,0.8090452261306533,0.9175332175163184,0.5778663588723395
3.0,0.8140703517587939,0.916744879663332,0.5442928412934241
3.0,0.8190954773869347,0.9162667719401698,0.5112196359745874
3.0,0.8241206030150754,0.9157400829123237,0.478211504618371
3.0,0.8291457286432161,0.9147881582733663,0.44493865488402573
3.0,0.8341708542713568,0.9130774970022074,0.4114089895377575
3.0,0.8391959798994975,0.9103746566572338,0.37801756213888665
3.0,0.8442211055276382,0.9065942414204414,0.34537301575618046
3.0,0.8492462311557789,0.9018232709082643,0.3140231132545211
3.0,0.8542713567839196,0.8963028875352292,0.28425368449657473
3.0,0.8592964824120604,0.890359752173768,0.25605949532856664
3.0,0.864321608040201,0.8843037670356373,0.2292688686756038
3.0,0.8693467336683417,0.8783301129212114,0.20371853346572524
3.0,0.8743718592964824,0.8724652762370221,0.1793592552197092
3.0,0.8793969849246231,0.8665752434943563,0.1562439140740029
3.0,0.8844221105527639,0.8604225953754758,0.13445447983832123
3.0,0.8894472361809045,0.8537377117326199,0.11406027119185058
3.0,0.8944723618090452,0.8462692839427937,0.09514043253290218
3.0,0.8994974874371859,0.8377969853805681,0.07782663042606869
3.0,0.9045226130653267,0.8281107171035084,0.06230349067024474
3.0,0.9095477386934674,0.8169741723798655,0.048747300477872506
3.0,0.914572864321608,0.8040919718346553,0.037241048290949444
3.0,0.9195979899497487,0.7890926595892802,0.027727011125366692
3.0,0.9246231155778895,0.7715294501318585,0.020030029426341255
3.0,0.9296482412060302,0.7508912401689259,0.013929885882685556
3.0,0.9346733668341709,0.7266129209043343,0.009225534911006392
3.0,0.9396984924623115,0.6980809176345358,0.00574821667283895
3.0,0.9447236180904522,0.6646465045104285,0.0033308779989694916
3.0,0.949748743718593,0.6256762342804121,0.001777758739089279
3.0,0.9547738693467337,0.5806707770541154,0.0008674286896366303
3.0,0.9597989949748744,0.5294605489729478,0.0003847425524229744
3.0,0.964824120603015,0.4724432260170621,0.00015440101798166713
3.0,0.9698492462311558,0.41078427611017115,5.581558882492388e-05
3.0,0.9748743718592965,0.34648262984523914,1.8090904707367515e-05
3.0,0.9798994974874372,0.2822274240140708,5.230570643827287e-06
3.0,0.9849246231155779,0.22103743790785926,1.3417061277142174e-06
3.0,0.9899497487437187,0.16575928099431672,3.036563503139844e-07
3.0,0.9949748743718593,0.11856582119894588,6.031251730090932e-08
3.0,1.0,0.08060822736780646,1.0461711703801542e-08
